,root,name,created,type,purpose,origin,mac,host,user,home,status,commit,,last_checkpoint,step
0,arc/there_and_back_2/7-02-2019/test_2,w_cycle_a=2.0__w_cycle_b=2.0,"05:21PM February 12, 2020",ThereAndBack,Another experimemt,/data/engs-a2i/kebl4674/experiments/there_and_back_2/7-02-2019/test_2,0x848f69fd4f1c,arcus-htc-login02.arcus-htc.arc.local,kebl4674,/home/kebl4674,registered,b2abee15800a6afd7de17bb8cac380c3a8b06765,,,
1,arc/there_and_back_2/7-02-2019/test_2,w_cycle_a=2.0__w_cycle_b=3.0,"05:21PM February 12, 2020",ThereAndBack,Another experimemt,/data/engs-a2i/kebl4674/experiments/there_and_back_2/7-02-2019/test_2,0x848f69fd4f1c,arcus-htc-login02.arcus-htc.arc.local,kebl4674,/home/kebl4674,registered,b2abee15800a6afd7de17bb8cac380c3a8b06765,,,
2,arc/there_and_back_2/7-02-2019/test_2,w_cycle_a=2.0__w_cycle_b=4.0,"05:21PM February 12, 2020",ThereAndBack,Another experimemt,/data/engs-a2i/kebl4674/experiments/there_and_back_2/7-02-2019/test_2,0x848f69fd4f1c,arcus-htc-login02.arcus-htc.arc.local,kebl4674,/home/kebl4674,registered,b2abee15800a6afd7de17bb8cac380c3a8b06765,,,
3,arc/there_and_back_2/7-02-2019/test_2,w_cycle_a=3.0__w_cycle_b=2.0,"05:21PM February 12, 2020",ThereAndBack,Another experimemt,/data/engs-a2i/kebl4674/experiments/there_and_back_2/7-02-2019/test_2,0x848f69fd4f1c,arcus-htc-login02.arcus-htc.arc.local,kebl4674,/home/kebl4674,registered,b2abee15800a6afd7de17bb8cac380c3a8b06765,,,
4,arc/there_and_back_2/7-02-2019/test_2,w_cycle_a=3.0__w_cycle_b=3.0,"05:21PM February 12, 2020",ThereAndBack,Another experimemt,/data/engs-a2i/kebl4674/experiments/there_and_back_2/7-02-2019/test_2,0x848f69fd4f1c,arcus-htc-login02.arcus-htc.arc.local,kebl4674,/home/kebl4674,registered,b2abee15800a6afd7de17bb8cac380c3a8b06765,,,
5,arc/there_and_back_2/7-02-2019/test_2,w_cycle_a=3.0__w_cycle_b=4.0,"05:21PM February 12, 2020",ThereAndBack,Another experimemt,/data/engs-a2i/kebl4674/experiments/there_and_back_2/7-02-2019/test_2,0x848f69fd4f1c,arcus-htc-login02.arcus-htc.arc.local,kebl4674,/home/kebl4674,registered,b2abee15800a6afd7de17bb8cac380c3a8b06765,,,
6,arc/there_and_back_2/7-02-2019/test_2,w_cycle_a=4.0__w_cycle_b=2.0,"05:21PM February 12, 2020",ThereAndBack,Another experimemt,/data/engs-a2i/kebl4674/experiments/there_and_back_2/7-02-2019/test_2,0x848f69fd4f1c,arcus-htc-login02.arcus-htc.arc.local,kebl4674,/home/kebl4674,registered,b2abee15800a6afd7de17bb8cac380c3a8b06765,,,
7,arc/there_and_back_2/7-02-2019/test_2,w_cycle_a=4.0__w_cycle_b=3.0,"05:21PM February 12, 2020",ThereAndBack,Another experimemt,/data/engs-a2i/kebl4674/experiments/there_and_back_2/7-02-2019/test_2,0x848f69fd4f1c,arcus-htc-login02.arcus-htc.arc.local,kebl4674,/home/kebl4674,registered,b2abee15800a6afd7de17bb8cac380c3a8b06765,,,
8,arc/there_and_back_2/7-02-2019/test_2,w_cycle_a=4.0__w_cycle_b=4.0,"05:21PM February 12, 2020",ThereAndBack,Another experimemt,/data/engs-a2i/kebl4674/experiments/there_and_back_2/7-02-2019/test_2,0x848f69fd4f1c,arcus-htc-login02.arcus-htc.arc.local,kebl4674,/home/kebl4674,registered,b2abee15800a6afd7de17bb8cac380c3a8b06765,,,
9,arc/cycle_gan/identity,g_out_act:none,"07:12PM October 31, 2019",,,/data/engs-a2i/kebl4674/experiments/cycle_gan/identity,0x848f69fd4f1c,arcus-htc-login02.arcus-htc.arc.local,kebl4674,/home/kebl4674,finished,62c88b48a9ad9b196baf49c67797bfc4801f5674,"04:49PM 01/11/19, epoch 199, step 266800","step 265000, epoch 198",
10,arc/cycle_gan/identity,g_out_act:tanh,"07:12PM October 31, 2019",,,/data/engs-a2i/kebl4674/experiments/cycle_gan/identity,0x848f69fd4f1c,arcus-htc-login02.arcus-htc.arc.local,kebl4674,/home/kebl4674,finished,62c88b48a9ad9b196baf49c67797bfc4801f5674,"04:42PM 01/11/19, epoch 199, step 266800","step 265000, epoch 198",
11,arc/cycle_gan/network-implementations-2,impl:there_and_back__g_type:resnet_9blocks,"06:26PM October 30, 2019",,,/data/engs-a2i/kebl4674/experiments/cycle_gan/network-implementations-2,0x848f69fd4f1c,arcus-htc-login02.arcus-htc.arc.local,kebl4674,/home/kebl4674,running,f9f4c93f5110ee790838fd6c04e6318d58286cc4,"06:25PM 31/10/19, epoch 109, step 146600","step 145000, epoch 108",
12,arc/cycle_gan/network-implementations-2,impl:there_and_back__g_type:unet_256,"06:26PM October 30, 2019",,,/data/engs-a2i/kebl4674/experiments/cycle_gan/network-implementations-2,0x848f69fd4f1c,arcus-htc-login02.arcus-htc.arc.local,kebl4674,/home/kebl4674,finished,e2a293eb285c55ceb33a9190756e587c756c2e92,"02:22PM 31/10/19, epoch 199, step 266800","step 265000, epoch 198",
13,arc/cycle_gan/network-implementations-2,impl:cycle_gan__g_type:resnet_9blocks,"11:21PM October 30, 2019",,,/data/engs-a2i/kebl4674/experiments/cycle_gan/network-implementations-2,0x848f69fd4f1c,arcus-htc-login02.arcus-htc.arc.local,kebl4674,/home/kebl4674,finished,e2a293eb285c55ceb33a9190756e587c756c2e92,"03:58PM 31/10/19, epoch 199, step 266800","step 265000, epoch 198",
14,arc/cycle_gan/network-implementations-2,impl:cycle_gan__g_type:unet_256,"06:26PM October 30, 2019",,,/data/engs-a2i/kebl4674/experiments/cycle_gan/network-implementations-2,0x848f69fd4f1c,arcus-htc-login02.arcus-htc.arc.local,kebl4674,/home/kebl4674,finished,0c29f6e3e4edba90d8c60ab2e5c5f417f2dd1436,"01:58AM 31/10/19, epoch 199, step 266800","step 265000, epoch 198",
15,arc/cycle_gan/there_and_back/initial,g_type:resnet_9blocks,"07:16PM October 31, 2019",,,/data/engs-a2i/kebl4674/experiments/cycle_gan/there_and_back/initial,0x848f69fd4f1c,arcus-htc-login02.arcus-htc.arc.local,kebl4674,/home/kebl4674,running,1e8ec5fef58f84b2af527f4de1c0590827c0310a,"07:16PM 01/11/19, epoch 3, step 155300","step 155000, epoch 3",
16,arc/cycle_gan/there_and_back/initial,g_type:resUnet_9blocks,"07:16PM October 31, 2019",,,/data/engs-a2i/kebl4674/experiments/cycle_gan/there_and_back/initial,0x848f69fd4f1c,arcus-htc-login02.arcus-htc.arc.local,kebl4674,/home/kebl4674,running,1e8ec5fef58f84b2af527f4de1c0590827c0310a,"07:16PM 01/11/19, epoch 0, step 42400",step 40000,
17,arc/cycle_gan/there_and_back/initial_rad2real,mode:rad2real,"11:26AM November 01, 2019",,,/data/engs-a2i/kebl4674/experiments/cycle_gan/there_and_back/initial_rad2real,0x848f69fd4f1c,arcus-htc-login02.arcus-htc.arc.local,kebl4674,/home/kebl4674,running,1e8ec5fef58f84b2af527f4de1c0590827c0310a,"08:52PM 01/11/19, epoch 0, step 73700",step 70000,
18,arc/cycle_gan/there_and_back/initial_w_cycle_0.1,g_type:resnet_9blocks,"07:22PM October 31, 2019",,,/data/engs-a2i/kebl4674/experiments/cycle_gan/there_and_back/initial_w_cycle_0.1,0x848f69fd4f1c,arcus-htc-login02.arcus-htc.arc.local,kebl4674,/home/kebl4674,registered,62c88b48a9ad9b196baf49c67797bfc4801f5674,,,
19,arc/cycle_gan/there_and_back/initial_w_cycle_1.0,g_type:resnet_9blocks,"07:19PM October 31, 2019",,,/data/engs-a2i/kebl4674/experiments/cycle_gan/there_and_back/initial_w_cycle_1.0,0x848f69fd4f1c,arcus-htc-login02.arcus-htc.arc.local,kebl4674,/home/kebl4674,running,1e8ec5fef58f84b2af527f4de1c0590827c0310a,"07:18PM 01/11/19, epoch 1, step 68400","step 65000, epoch 1",
20,arc/masking_by_moving/initial_test,res=0.2__nxy=501,"10:56PM January 24, 2020",MaskingByMoving,Validate experiment is set up correct,/data/engs-a2i/kebl4674/experiments/masking_by_moving/initial_test,0x848f69fd4f1c,arcus-htc-login02.arcus-htc.arc.local,kebl4674,/home/kebl4674,error,c92aee1073e63867c3b8adfff9ef906d16a98b19,,,166000/4169600
21,arc/masking_by_moving/initial_test,res=0.2__nxy=501__early_stop=False,"11:02PM January 24, 2020",MaskingByMoving,Validate experiment is set up correct,/data/engs-a2i/kebl4674/experiments/masking_by_moving/initial_test,0x848f69fd4f1c,arcus-htc-login02.arcus-htc.arc.local,kebl4674,/home/kebl4674,running,c92aee1073e63867c3b8adfff9ef906d16a98b19,,,168000/4169600
22,arc/masking_by_moving/initial_test,early_stop=False,"11:27PM January 24, 2020",MaskingByMoving,Validate experiment is set up correct,/data/engs-a2i/kebl4674/experiments/masking_by_moving/initial_test,0x848f69fd4f1c,arcus-htc-login02.arcus-htc.arc.local,kebl4674,/home/kebl4674,running,c92aee1073e63867c3b8adfff9ef906d16a98b19,,,405000/4169600
23,arc/masking_by_moving/initial_test,early_stop=True,"01:49AM January 25, 2020",MaskingByMoving,Validate experiment is set up correct,/data/engs-a2i/kebl4674/experiments/masking_by_moving/initial_test,0x848f69fd4f1c,arcus-htc-login02.arcus-htc.arc.local,kebl4674,/home/kebl4674,error,c92aee1073e63867c3b8adfff9ef906d16a98b19,,,166000/4169600
24,arc/there_and_back/6-11-2019/detach_fakes,cycle_gradients=True,"12:30PM November 07, 2019",ThereAndBackCycleGan,Run x_fake.detach() before generating x_cycle,/data/engs-a2i/kebl4674/experiments/there_and_back/6-11-2019/detach_fakes,0x848f69fd4f1c,arcus-htc-login02.arcus-htc.arc.local,kebl4674,/home/kebl4674,running,f79ece2ea30f1dad2d91947890b37908aba78696,"12:32PM 07/11/19, epoch 0, step 100",,
25,arc/there_and_back/6-11-2019/detach_fakes,cycle_gradients=False,"05:52PM November 06, 2019",ThereAndBackCycleGan,Run x_fake.detach() before generating x_cycle,/data/engs-a2i/kebl4674/experiments/there_and_back/6-11-2019/detach_fakes,0x848f69fd4f1c,arcus-htc-login02.arcus-htc.arc.local,kebl4674,/home/kebl4674,running,f79ece2ea30f1dad2d91947890b37908aba78696,"12:31PM 07/11/19, epoch 2, step 122500","step 120000, epoch 2",
26,arc/there_and_back/6-11-2019/detach_fakes,cycle_gradients=True_1,"05:52PM November 06, 2019",ThereAndBackCycleGan,Run x_fake.detach() before generating x_cycle,/data/engs-a2i/kebl4674/experiments/there_and_back/6-11-2019/detach_fakes,0x848f69fd4f1c,arcus-htc-login02.arcus-htc.arc.local,kebl4674,/home/kebl4674,running,f79ece2ea30f1dad2d91947890b37908aba78696,"12:31PM 07/11/19, epoch 2, step 123000","step 120000, epoch 2",
27,arc/there_and_back/6-11-2019/detach_fakes,cycle_gradients=True_2,"05:52PM November 06, 2019",ThereAndBackCycleGan,Run x_fake.detach() before generating x_cycle,/data/engs-a2i/kebl4674/experiments/there_and_back/6-11-2019/detach_fakes,0x848f69fd4f1c,arcus-htc-login02.arcus-htc.arc.local,kebl4674,/home/kebl4674,running,f79ece2ea30f1dad2d91947890b37908aba78696,"12:30PM 07/11/19, epoch 2, step 121600","step 120000, epoch 2",
28,arc/there_and_back/6-11-2019/detach_fakes,cycle_gradients=False_2,"05:52PM November 06, 2019",ThereAndBackCycleGan,Run x_fake.detach() before generating x_cycle,/data/engs-a2i/kebl4674/experiments/there_and_back/6-11-2019/detach_fakes,0x848f69fd4f1c,arcus-htc-login02.arcus-htc.arc.local,kebl4674,/home/kebl4674,running,f79ece2ea30f1dad2d91947890b37908aba78696,"12:31PM 07/11/19, epoch 2, step 121800","step 120000, epoch 2",
29,arc/there_and_back/6-11-2019/detach_fakes,cycle_gradients=True_3,"12:30PM November 07, 2019",ThereAndBackCycleGan,Run x_fake.detach() before generating x_cycle,/data/engs-a2i/kebl4674/experiments/there_and_back/6-11-2019/detach_fakes,0x848f69fd4f1c,arcus-htc-login02.arcus-htc.arc.local,kebl4674,/home/kebl4674,running,f79ece2ea30f1dad2d91947890b37908aba78696,"12:32PM 07/11/19, epoch 0, step 100",,
30,arc/there_and_back/6-11-2019/detach_fakes,cycle_gradients=False_3,"12:30PM November 07, 2019",ThereAndBackCycleGan,Run x_fake.detach() before generating x_cycle,/data/engs-a2i/kebl4674/experiments/there_and_back/6-11-2019/detach_fakes,0x848f69fd4f1c,arcus-htc-login02.arcus-htc.arc.local,kebl4674,/home/kebl4674,running,f79ece2ea30f1dad2d91947890b37908aba78696,"12:32PM 07/11/19, epoch 0, step 100",,
31,arc/there_and_back/6-11-2019/rad2real_resunet,g_type=resUnet_9blocks__w_cycle_a=1.0__w_cycle_b=1.0,"12:30PM November 07, 2019",ThereAndBackCycleGan,To experiment with the resunet implementation,/data/engs-a2i/kebl4674/experiments/there_and_back/6-11-2019/rad2real_resunet,0x848f69fd4f1c,arcus-htc-login02.arcus-htc.arc.local,kebl4674,/home/kebl4674,running,c9b66bff5a55f02e3b1ab2f75c5cff78d81896aa,"10:08AM 08/11/19, epoch 2, step 114800","step 110000, epoch 2",
32,arc/there_and_back/6-11-2019/rad2real_resunet,g_type=resUnet_9blocks__w_cycle_a=None__w_cycle_b=None,"12:32PM November 07, 2019",ThereAndBackCycleGan,To experiment with the resunet implementation,/data/engs-a2i/kebl4674/experiments/there_and_back/6-11-2019/rad2real_resunet,0x848f69fd4f1c,arcus-htc-login02.arcus-htc.arc.local,kebl4674,/home/kebl4674,running,c9b66bff5a55f02e3b1ab2f75c5cff78d81896aa,"10:09AM 08/11/19, epoch 4, step 210200","step 210000, epoch 4",
33,arc/there_and_back/6-11-2019/rad2real_resunet,g_type=resnet_9blocks__w_cycle_a=None__w_cycle_b=None,"12:30PM November 07, 2019",ThereAndBackCycleGan,To experiment with the resunet implementation,/data/engs-a2i/kebl4674/experiments/there_and_back/6-11-2019/rad2real_resunet,0x848f69fd4f1c,arcus-htc-login02.arcus-htc.arc.local,kebl4674,/home/kebl4674,finished,c9b66bff5a55f02e3b1ab2f75c5cff78d81896aa,"09:30AM 08/11/19, epoch 4, step 247500","step 245000, epoch 4",
34,arc/there_and_back/6-11-2019/rad2real_resunet,g_type=resUnet_9blocks__w_cycle_a=10.0__w_cycle_b=10.0,"12:30PM November 07, 2019",ThereAndBackCycleGan,To experiment with the resunet implementation,/data/engs-a2i/kebl4674/experiments/there_and_back/6-11-2019/rad2real_resunet,0x848f69fd4f1c,arcus-htc-login02.arcus-htc.arc.local,kebl4674,/home/kebl4674,running,c9b66bff5a55f02e3b1ab2f75c5cff78d81896aa,"10:08AM 08/11/19, epoch 2, step 115000","step 115000, epoch 2",
35,arc/there_and_back/6-11-2019/warm_start,warm_start=True__w_align_b=1.0,"05:47PM November 06, 2019",ThereAndBackCycleGan,Train rad2sim model first pre-training on rad2real,/data/engs-a2i/kebl4674/experiments/there_and_back/6-11-2019/warm_start,0x848f69fd4f1c,arcus-htc-login02.arcus-htc.arc.local,kebl4674,/home/kebl4674,running,f79ece2ea30f1dad2d91947890b37908aba78696,"12:27PM 07/11/19, epoch 2, step 122900","step 120000, epoch 2",
36,arc/there_and_back/6-11-2019/warm_start,warm_start=True__w_align_b=10.0,"05:47PM November 06, 2019",ThereAndBackCycleGan,Train rad2sim model first pre-training on rad2real,/data/engs-a2i/kebl4674/experiments/there_and_back/6-11-2019/warm_start,0x848f69fd4f1c,arcus-htc-login02.arcus-htc.arc.local,kebl4674,/home/kebl4674,running,f79ece2ea30f1dad2d91947890b37908aba78696,"12:28PM 07/11/19, epoch 2, step 123000","step 120000, epoch 2",
37,arc/there_and_back/6-11-2019/warm_start,warm_start=True__w_align_b=100.0,"05:47PM November 06, 2019",ThereAndBackCycleGan,Train rad2sim model first pre-training on rad2real,/data/engs-a2i/kebl4674/experiments/there_and_back/6-11-2019/warm_start,0x848f69fd4f1c,arcus-htc-login02.arcus-htc.arc.local,kebl4674,/home/kebl4674,running,f79ece2ea30f1dad2d91947890b37908aba78696,"12:28PM 07/11/19, epoch 2, step 120600","step 120000, epoch 2",
38,arc/there_and_back/6-11-2019/warm_start,warm_start=False__w_align_b=1.0,"05:47PM November 06, 2019",ThereAndBackCycleGan,Train rad2sim model first pre-training on rad2real,/data/engs-a2i/kebl4674/experiments/there_and_back/6-11-2019/warm_start,0x848f69fd4f1c,arcus-htc-login02.arcus-htc.arc.local,kebl4674,/home/kebl4674,running,f79ece2ea30f1dad2d91947890b37908aba78696,"12:27PM 07/11/19, epoch 2, step 121100","step 120000, epoch 2",
39,arc/there_and_back/6-11-2019/warm_start,warm_start=False__w_align_b=10.0,"05:47PM November 06, 2019",ThereAndBackCycleGan,Train rad2sim model first pre-training on rad2real,/data/engs-a2i/kebl4674/experiments/there_and_back/6-11-2019/warm_start,0x848f69fd4f1c,arcus-htc-login02.arcus-htc.arc.local,kebl4674,/home/kebl4674,running,f79ece2ea30f1dad2d91947890b37908aba78696,"12:27PM 07/11/19, epoch 2, step 121300","step 120000, epoch 2",
40,arc/there_and_back/6-11-2019/warm_start,warm_start=False__w_align_b=100.0,"05:47PM November 06, 2019",ThereAndBackCycleGan,Train rad2sim model first pre-training on rad2real,/data/engs-a2i/kebl4674/experiments/there_and_back/6-11-2019/warm_start,0x848f69fd4f1c,arcus-htc-login02.arcus-htc.arc.local,kebl4674,/home/kebl4674,running,f79ece2ea30f1dad2d91947890b37908aba78696,"12:27PM 07/11/19, epoch 2, step 123200","step 120000, epoch 2",
41,arc/there_and_back/6-11-2019/warm_start,warm_start=True__w_cycle_a=1.0__w_cycle_b=1.0,"12:33PM November 07, 2019",ThereAndBackCycleGan,Train rad2sim model first pre-training on rad2real,/data/engs-a2i/kebl4674/experiments/there_and_back/6-11-2019/warm_start,0x848f69fd4f1c,arcus-htc-login02.arcus-htc.arc.local,kebl4674,/home/kebl4674,running,c9b66bff5a55f02e3b1ab2f75c5cff78d81896aa,"11:10AM 08/11/19, epoch 2, step 146400","step 145000, epoch 2",
42,arc/there_and_back/6-11-2019/warm_start,warm_start=True__w_cycle_a=0.1__w_cycle_b=0.1,"12:33PM November 07, 2019",ThereAndBackCycleGan,Train rad2sim model first pre-training on rad2real,/data/engs-a2i/kebl4674/experiments/there_and_back/6-11-2019/warm_start,0x848f69fd4f1c,arcus-htc-login02.arcus-htc.arc.local,kebl4674,/home/kebl4674,running,c9b66bff5a55f02e3b1ab2f75c5cff78d81896aa,"11:11AM 08/11/19, epoch 2, step 143900","step 140000, epoch 2",
43,arc/there_and_back/6-11-2019/warm_start,warm_start=True__w_cycle_a=0.01__w_cycle_b=0.01,"12:33PM November 07, 2019",ThereAndBackCycleGan,Train rad2sim model first pre-training on rad2real,/data/engs-a2i/kebl4674/experiments/there_and_back/6-11-2019/warm_start,0x848f69fd4f1c,arcus-htc-login02.arcus-htc.arc.local,kebl4674,/home/kebl4674,running,c9b66bff5a55f02e3b1ab2f75c5cff78d81896aa,"11:10AM 08/11/19, epoch 2, step 146500","step 145000, epoch 2",
44,arc/there_and_back/6-11-2019/warm_start,warm_start=True__w_cycle_a=None__w_cycle_b=None,"12:34PM November 07, 2019",ThereAndBackCycleGan,Train rad2sim model first pre-training on rad2real,/data/engs-a2i/kebl4674/experiments/there_and_back/6-11-2019/warm_start,0x848f69fd4f1c,arcus-htc-login02.arcus-htc.arc.local,kebl4674,/home/kebl4674,finished,c9b66bff5a55f02e3b1ab2f75c5cff78d81896aa,"09:42AM 08/11/19, epoch 4, step 247500","step 245000, epoch 4",
45,arc/there_and_back/7-11-2019/azi_patch_gan,d_type=patch,"10:52AM November 08, 2019",ThereAndBackCycleGan,Azimuth patch discriminator,/data/engs-a2i/kebl4674/experiments/there_and_back/7-11-2019/azi_patch_gan,0x848f69fd4f1c,arcus-htc-login02.arcus-htc.arc.local,kebl4674,/home/kebl4674,finished,5d10ef487e86df4f85c8e6f3fee81d138d5eb1e7,"09:30AM 09/11/19, epoch 2, step 148500","step 145000, epoch 2",
46,arc/there_and_back/7-11-2019/azi_patch_gan,d_type=azi_patch,"11:12AM November 08, 2019",ThereAndBackCycleGan,Azimuth patch discriminator,/data/engs-a2i/kebl4674/experiments/there_and_back/7-11-2019/azi_patch_gan,0x848f69fd4f1c,arcus-htc-login02.arcus-htc.arc.local,kebl4674,/home/kebl4674,running,5d10ef487e86df4f85c8e6f3fee81d138d5eb1e7,"11:11AM 09/11/19, epoch 2, step 142300","step 140000, epoch 2",
47,arc/there_and_back/7-11-2019/with_fake_noise,cycle_noise_sd=0.001,"10:09AM November 08, 2019",ThereAndBackCycleGan,Random noise added to fakes before they are cycled,/data/engs-a2i/kebl4674/experiments/there_and_back/7-11-2019/with_fake_noise,0x848f69fd4f1c,arcus-htc-login02.arcus-htc.arc.local,kebl4674,/home/kebl4674,finished,5d10ef487e86df4f85c8e6f3fee81d138d5eb1e7,"08:29AM 09/11/19, epoch 2, step 148500","step 145000, epoch 2",
48,arc/there_and_back/7-11-2019/with_fake_noise,cycle_noise_sd=0.1,"06:56PM November 07, 2019",ThereAndBackCycleGan,Random noise added to fakes before they are cycled,/data/engs-a2i/kebl4674/experiments/there_and_back/7-11-2019/with_fake_noise,0x848f69fd4f1c,arcus-htc-login02.arcus-htc.arc.local,kebl4674,/home/kebl4674,finished,945058737856afbc2eee97bfa2df7d841e56f8df,"05:28PM 08/11/19, epoch 2, step 148500","step 145000, epoch 2",
49,arc/there_and_back/7-11-2019/with_fake_noise,cycle_noise_sd=0.01,"06:56PM November 07, 2019",ThereAndBackCycleGan,Random noise added to fakes before they are cycled,/data/engs-a2i/kebl4674/experiments/there_and_back/7-11-2019/with_fake_noise,0x848f69fd4f1c,arcus-htc-login02.arcus-htc.arc.local,kebl4674,/home/kebl4674,error,c9b66bff5a55f02e3b1ab2f75c5cff78d81896aa,"10:50AM 08/11/19, epoch 2, step 104900","step 105000, epoch 2",
50,arc/there_and_back/7-11-2019/with_fake_noise,cycle_noise_sd=0.05,"06:56PM November 07, 2019",ThereAndBackCycleGan,Random noise added to fakes before they are cycled,/data/engs-a2i/kebl4674/experiments/there_and_back/7-11-2019/with_fake_noise,0x848f69fd4f1c,arcus-htc-login02.arcus-htc.arc.local,kebl4674,/home/kebl4674,finished,c9b66bff5a55f02e3b1ab2f75c5cff78d81896aa,"05:12PM 08/11/19, epoch 2, step 148500","step 145000, epoch 2",
51,arc/there_and_back/7-11-2019/with_fake_noise,cycle_noise_sd=None,"11:12AM November 08, 2019",ThereAndBackCycleGan,Random noise added to fakes before they are cycled,/data/engs-a2i/kebl4674/experiments/there_and_back/7-11-2019/with_fake_noise,0x848f69fd4f1c,arcus-htc-login02.arcus-htc.arc.local,kebl4674,/home/kebl4674,finished,5d10ef487e86df4f85c8e6f3fee81d138d5eb1e7,"10:24AM 09/11/19, epoch 2, step 148500","step 145000, epoch 2",
52,arc/there_and_back/7-11-2019/with_noie_input,cat_noise_b=True__cat_noise_a=True,"09:45AM November 08, 2019",ThereAndBackCycleGan,Gerneration with noise,/data/engs-a2i/kebl4674/experiments/there_and_back/7-11-2019/with_noie_input,0x848f69fd4f1c,arcus-htc-login02.arcus-htc.arc.local,kebl4674,/home/kebl4674,error,5d10ef487e86df4f85c8e6f3fee81d138d5eb1e7,"08:25AM 09/11/19, epoch 2, step 148500","step 145000, epoch 2",
53,arc/there_and_back/7-11-2019/with_noie_input,cat_noise_b=True__cat_noise_a=False,"09:45AM November 08, 2019",ThereAndBackCycleGan,Gerneration with noise,/data/engs-a2i/kebl4674/experiments/there_and_back/7-11-2019/with_noie_input,0x848f69fd4f1c,arcus-htc-login02.arcus-htc.arc.local,kebl4674,/home/kebl4674,error,5d10ef487e86df4f85c8e6f3fee81d138d5eb1e7,"08:04AM 09/11/19, epoch 2, step 148500","step 145000, epoch 2",
54,arc/there_and_back/7-11-2019/with_noie_input,cat_noise_b=False__cat_noise_a=True,"10:10AM November 08, 2019",ThereAndBackCycleGan,Gerneration with noise,/data/engs-a2i/kebl4674/experiments/there_and_back/7-11-2019/with_noie_input,0x848f69fd4f1c,arcus-htc-login02.arcus-htc.arc.local,kebl4674,/home/kebl4674,error,5d10ef487e86df4f85c8e6f3fee81d138d5eb1e7,"08:47AM 09/11/19, epoch 2, step 148500","step 145000, epoch 2",
55,arc/there_and_back/7-11-2019/with_noie_input,cat_noise_b=False__cat_noise_a=False,"10:11AM November 08, 2019",ThereAndBackCycleGan,Gerneration with noise,/data/engs-a2i/kebl4674/experiments/there_and_back/7-11-2019/with_noie_input,0x848f69fd4f1c,arcus-htc-login02.arcus-htc.arc.local,kebl4674,/home/kebl4674,finished,5d10ef487e86df4f85c8e6f3fee81d138d5eb1e7,"08:22AM 09/11/19, epoch 2, step 148500","step 145000, epoch 2",
56,arc/there_and_back/8-11-2019/resolutio,"resolution=[0.0157, 0.3504]","05:43PM November 08, 2019",ThereAndBackCycleGan,Resolution varied for each run,/data/engs-a2i/kebl4674/experiments/there_and_back/8-11-2019/resolutio,0x848f69fd4f1c,arcus-htc-login02.arcus-htc.arc.local,kebl4674,/home/kebl4674,registered,5d10ef487e86df4f85c8e6f3fee81d138d5eb1e7,,,
57,arc/there_and_back/8-11-2019/resolutio,"resolution=[0.0157, 0.7008]","05:44PM November 08, 2019",ThereAndBackCycleGan,Resolution varied for each run,/data/engs-a2i/kebl4674/experiments/there_and_back/8-11-2019/resolutio,0x848f69fd4f1c,arcus-htc-login02.arcus-htc.arc.local,kebl4674,/home/kebl4674,registered,5d10ef487e86df4f85c8e6f3fee81d138d5eb1e7,,,
58,arc/there_and_back/8-11-2019/resolutio,"resolution=[0.0157, 0.1752]","05:44PM November 08, 2019",ThereAndBackCycleGan,Resolution varied for each run,/data/engs-a2i/kebl4674/experiments/there_and_back/8-11-2019/resolutio,0x848f69fd4f1c,arcus-htc-login02.arcus-htc.arc.local,kebl4674,/home/kebl4674,registered,5d10ef487e86df4f85c8e6f3fee81d138d5eb1e7,,,
59,arc/there_and_back/8-11-2019/with_alinment_loss_a,w_cycle_a=1.0__w_cycle_b=1.0__w_align_a=10.0__w_align_b=10.0,"05:39PM November 08, 2019",ThereAndBackCycleGan,Added in alignement loss on xa,/data/engs-a2i/kebl4674/experiments/there_and_back/8-11-2019/with_alinment_loss_a,0x848f69fd4f1c,arcus-htc-login02.arcus-htc.arc.local,kebl4674,/home/kebl4674,running,5d10ef487e86df4f85c8e6f3fee81d138d5eb1e7,"05:37PM 09/11/19, epoch 2, step 106600","step 105000, epoch 2",
60,arc/there_and_back/8-11-2019/with_alinment_loss_a,w_cycle_a=10.0__w_cycle_b=10.0__w_align_a=10.0__w_align_b=10.0,"08:33AM November 09, 2019",ThereAndBackCycleGan,Added in alignement loss on xa,/data/engs-a2i/kebl4674/experiments/there_and_back/8-11-2019/with_alinment_loss_a,0x848f69fd4f1c,arcus-htc-login02.arcus-htc.arc.local,kebl4674,/home/kebl4674,error,5d10ef487e86df4f85c8e6f3fee81d138d5eb1e7,"03:18PM 09/11/19, epoch 0, step 29900",step 30000,
61,arc/there_and_back/8-11-2019/with_alinment_loss_a,w_cycle_a=10.0__w_cycle_b=10.0__w_align_a=100.0__w_align_b=100.0,"05:39PM November 08, 2019",ThereAndBackCycleGan,Added in alignement loss on xa,/data/engs-a2i/kebl4674/experiments/there_and_back/8-11-2019/with_alinment_loss_a,0x848f69fd4f1c,arcus-htc-login02.arcus-htc.arc.local,kebl4674,/home/kebl4674,running,5d10ef487e86df4f85c8e6f3fee81d138d5eb1e7,"05:37PM 09/11/19, epoch 2, step 105500","step 105000, epoch 2",
62,arc/there_and_back/8-11-2019/with_alinment_loss_a,w_cycle_a=0.1__w_cycle_b=0.1__w_align_a=10.0__w_align_b=10.0,"08:48AM November 09, 2019",ThereAndBackCycleGan,Added in alignement loss on xa,/data/engs-a2i/kebl4674/experiments/there_and_back/8-11-2019/with_alinment_loss_a,0x848f69fd4f1c,arcus-htc-login02.arcus-htc.arc.local,kebl4674,/home/kebl4674,error,5d10ef487e86df4f85c8e6f3fee81d138d5eb1e7,"03:33PM 09/11/19, epoch 0, step 29900",step 30000,
63,arc/there_and_back/8-11-2019/with_alinment_loss_a,w_cycle_a=None__w_cycle_b=None__w_align_a=10.0__w_align_b=10.0,"05:39PM November 08, 2019",ThereAndBackCycleGan,Added in alignement loss on xa,/data/engs-a2i/kebl4674/experiments/there_and_back/8-11-2019/with_alinment_loss_a,0x848f69fd4f1c,arcus-htc-login02.arcus-htc.arc.local,kebl4674,/home/kebl4674,finished,5d10ef487e86df4f85c8e6f3fee81d138d5eb1e7,"05:12PM 09/11/19, epoch 2, step 148500","step 145000, epoch 2",
64,arc/there_and_back/8-11-2019/with_alinment_loss_a,w_align_a=10.0__w_align_b=10.0__full_align=True,"08:26AM November 09, 2019",ThereAndBackCycleGan,Added in alignement loss on xa,/data/engs-a2i/kebl4674/experiments/there_and_back/8-11-2019/with_alinment_loss_a,0x848f69fd4f1c,arcus-htc-login02.arcus-htc.arc.local,kebl4674,/home/kebl4674,running,5d10ef487e86df4f85c8e6f3fee81d138d5eb1e7,"08:26AM 10/11/19, epoch 2, step 105400","step 105000, epoch 2",
65,arc/there_and_back/8-11-2019/with_noise,cat_noise_a=True__cat_noise_b=True,"11:13AM November 09, 2019",ThereAndBackCycleGan,Added stochasticity,/data/engs-a2i/kebl4674/experiments/there_and_back/8-11-2019/with_noise,0x848f69fd4f1c,arcus-htc-login02.arcus-htc.arc.local,kebl4674,/home/kebl4674,running,5d10ef487e86df4f85c8e6f3fee81d138d5eb1e7,"11:12AM 10/11/19, epoch 2, step 104500","step 100000, epoch 2",
66,arc/there_and_back/8-11-2019/with_noise,cat_noise_a=True__cat_noise_b=False,"12:59PM November 11, 2019",ThereAndBackCycleGan,Added stochasticity,/data/engs-a2i/kebl4674/experiments/there_and_back/8-11-2019/with_noise,0x848f69fd4f1c,arcus-htc-login02.arcus-htc.arc.local,kebl4674,/home/kebl4674,error,5d10ef487e86df4f85c8e6f3fee81d138d5eb1e7,"01:57PM 10/11/19, epoch 2, step 100300","step 100000, epoch 2",
67,arc/there_and_back/8-11-2019/with_noise,cat_noise_a=False__cat_noise_b=True,"12:59PM November 11, 2019",ThereAndBackCycleGan,Added stochasticity,/data/engs-a2i/kebl4674/experiments/there_and_back/8-11-2019/with_noise,0x848f69fd4f1c,arcus-htc-login02.arcus-htc.arc.local,kebl4674,/home/kebl4674,error,5d10ef487e86df4f85c8e6f3fee81d138d5eb1e7,"01:58PM 10/11/19, epoch 2, step 102500","step 100000, epoch 2",
68,arc/there_and_back/8-11-2019/with_noise,cat_noise_a=False__cat_noise_b=False,"12:59PM November 11, 2019",ThereAndBackCycleGan,Added stochasticity,/data/engs-a2i/kebl4674/experiments/there_and_back/8-11-2019/with_noise,0x848f69fd4f1c,arcus-htc-login02.arcus-htc.arc.local,kebl4674,/home/kebl4674,error,5d10ef487e86df4f85c8e6f3fee81d138d5eb1e7,"01:57PM 10/11/19, epoch 2, step 102000","step 100000, epoch 2",
69,arc/there_and_back/8-11-2019/with_noise,cycle_noise_sd=0.01,"09:36AM November 09, 2019",ThereAndBackCycleGan,Added stochasticity,/data/engs-a2i/kebl4674/experiments/there_and_back/8-11-2019/with_noise,0x848f69fd4f1c,arcus-htc-login02.arcus-htc.arc.local,kebl4674,/home/kebl4674,running,5d10ef487e86df4f85c8e6f3fee81d138d5eb1e7,"09:35AM 10/11/19, epoch 2, step 106400","step 105000, epoch 2",
70,arc/there_and_back/8-11-2019/with_noise,cycle_noise_sd=0.05,"05:16PM November 09, 2019",ThereAndBackCycleGan,Added stochasticity,/data/engs-a2i/kebl4674/experiments/there_and_back/8-11-2019/with_noise,0x848f69fd4f1c,arcus-htc-login02.arcus-htc.arc.local,kebl4674,/home/kebl4674,running,5d10ef487e86df4f85c8e6f3fee81d138d5eb1e7,"01:58PM 10/11/19, epoch 1, step 90900","step 90000, epoch 1",
71,arc/there_and_back/8-11-2019/with_noise,cycle_noise_sd=0.1,"10:29AM November 09, 2019",ThereAndBackCycleGan,Added stochasticity,/data/engs-a2i/kebl4674/experiments/there_and_back/8-11-2019/with_noise,0x848f69fd4f1c,arcus-htc-login02.arcus-htc.arc.local,kebl4674,/home/kebl4674,running,5d10ef487e86df4f85c8e6f3fee81d138d5eb1e7,"10:27AM 10/11/19, epoch 2, step 101700","step 100000, epoch 2",
72,arc/there_and_back/8-11-2019/with_noise,cycle_noise_sd=0.2,"12:59PM November 11, 2019",ThereAndBackCycleGan,Added stochasticity,/data/engs-a2i/kebl4674/experiments/there_and_back/8-11-2019/with_noise,0x848f69fd4f1c,arcus-htc-login02.arcus-htc.arc.local,kebl4674,/home/kebl4674,error,5d10ef487e86df4f85c8e6f3fee81d138d5eb1e7,"01:58PM 10/11/19, epoch 2, step 99100","step 95000, epoch 1",
73,arc/there_and_back/cycle_a_align_b,w_cycle_a=1.0__w_align_b=0.001,"03:23PM November 04, 2019",,Cycle loss on radar simulation. Alignment loss on height simulation,/data/engs-a2i/kebl4674/experiments/there_and_back/cycle_a_align_b,0x848f69fd4f1c,arcus-htc-login02.arcus-htc.arc.local,kebl4674,/home/kebl4674,running,20c577fff0aa8b6ca031a9164625901efd3e3a0b,"01:00PM 05/11/19, epoch 4, step 212800","step 200000, epoch 4",
74,arc/there_and_back/cycle_a_align_b,w_cycle_a=1.0__w_align_b=0.01,"03:44PM November 04, 2019",,Cycle loss on radar simulation. Alignment loss on height simulation,/data/engs-a2i/kebl4674/experiments/there_and_back/cycle_a_align_b,0x848f69fd4f1c,arcus-htc-login02.arcus-htc.arc.local,kebl4674,/home/kebl4674,running,20c577fff0aa8b6ca031a9164625901efd3e3a0b,"01:01PM 05/11/19, epoch 3, step 174900","step 160000, epoch 3",
75,arc/there_and_back/cycle_a_align_b,w_cycle_a=1.0__w_align_b=0.1,"03:44PM November 04, 2019",,Cycle loss on radar simulation. Alignment loss on height simulation,/data/engs-a2i/kebl4674/experiments/there_and_back/cycle_a_align_b,0x848f69fd4f1c,arcus-htc-login02.arcus-htc.arc.local,kebl4674,/home/kebl4674,running,20c577fff0aa8b6ca031a9164625901efd3e3a0b,"01:01PM 05/11/19, epoch 3, step 172600","step 160000, epoch 3",
76,arc/there_and_back/cycle_a_align_b,w_cycle_a=1.0__w_align_b=1.0,"03:44PM November 04, 2019",,Cycle loss on radar simulation. Alignment loss on height simulation,/data/engs-a2i/kebl4674/experiments/there_and_back/cycle_a_align_b,0x848f69fd4f1c,arcus-htc-login02.arcus-htc.arc.local,kebl4674,/home/kebl4674,running,20c577fff0aa8b6ca031a9164625901efd3e3a0b,"01:00PM 05/11/19, epoch 3, step 176500","step 160000, epoch 3",
77,arc/there_and_back/cycle_loss_weighting,w_g_cycle=0.1,"08:56PM November 01, 2019",,Vary cyclic loss weighting,/data/engs-a2i/kebl4674/experiments/there_and_back/cycle_loss_weighting,0x848f69fd4f1c,arcus-htc-login02.arcus-htc.arc.local,kebl4674,/home/kebl4674,error,1e8ec5fef58f84b2af527f4de1c0590827c0310a,,,
78,arc/there_and_back/cycle_loss_weighting,w_g_cycle=1.0,"08:54PM November 01, 2019",,Vary cyclic loss weighting,/data/engs-a2i/kebl4674/experiments/there_and_back/cycle_loss_weighting,0x848f69fd4f1c,arcus-htc-login02.arcus-htc.arc.local,kebl4674,/home/kebl4674,running,9b5175bfc8c22b33778fb48106a088277d7cc4dc,"08:54PM 02/11/19, epoch 2, step 128600","step 120000, epoch 2",
79,arc/there_and_back/cycle_loss_weighting,w_g_cycle=10.0,"08:56PM November 01, 2019",,Vary cyclic loss weighting,/data/engs-a2i/kebl4674/experiments/there_and_back/cycle_loss_weighting,0x848f69fd4f1c,arcus-htc-login02.arcus-htc.arc.local,kebl4674,/home/kebl4674,running,9b5175bfc8c22b33778fb48106a088277d7cc4dc,"08:54PM 02/11/19, epoch 0, step 46600",step 40000,
80,arc/there_and_back/just_alignment,use_gan=False,"03:32PM November 04, 2019",,Just alignment losses,/data/engs-a2i/kebl4674/experiments/there_and_back/just_alignment,0x848f69fd4f1c,arcus-htc-login02.arcus-htc.arc.local,kebl4674,/home/kebl4674,finished,20c577fff0aa8b6ca031a9164625901efd3e3a0b,"11:13AM 05/11/19, epoch 4, step 247500","step 240000, epoch 4",
81,arc/there_and_back/just_gan,w_cycle_a=10.0__w_cycle_b=10.0,"01:04PM November 04, 2019",,Run with just Gan loss for each generator,/data/engs-a2i/kebl4674/experiments/there_and_back/just_gan,0x848f69fd4f1c,arcus-htc-login02.arcus-htc.arc.local,kebl4674,/home/kebl4674,running,20c577fff0aa8b6ca031a9164625901efd3e3a0b,"01:01PM 05/11/19, epoch 1, step 53700",step 40000,
82,arc/there_and_back/just_gan,w_cycle_a=100.0__w_cycle_b=100.0,"01:04PM November 04, 2019",,Run with just Gan loss for each generator,/data/engs-a2i/kebl4674/experiments/there_and_back/just_gan,0x848f69fd4f1c,arcus-htc-login02.arcus-htc.arc.local,kebl4674,/home/kebl4674,running,20c577fff0aa8b6ca031a9164625901efd3e3a0b,"01:02PM 05/11/19, epoch 1, step 68900","step 60000, epoch 1",
83,arc/there_and_back/just_gan,w_cycle_a=None__w_cycle_b=None,"03:41PM November 04, 2019",,Run with just Gan loss for each generator,/data/engs-a2i/kebl4674/experiments/there_and_back/just_gan,0x848f69fd4f1c,arcus-htc-login02.arcus-htc.arc.local,kebl4674,/home/kebl4674,error,e52e2a7013a3cff105708ac3df95152a6b6e9161,,,
84,arc/there_and_back/just_gan,w_cycle_a=0.1__w_cycle_b=0.1,"03:41PM November 04, 2019",,Run with just Gan loss for each generator,/data/engs-a2i/kebl4674/experiments/there_and_back/just_gan,0x848f69fd4f1c,arcus-htc-login02.arcus-htc.arc.local,kebl4674,/home/kebl4674,running,20c577fff0aa8b6ca031a9164625901efd3e3a0b,"01:02PM 05/11/19, epoch 2, step 139700","step 120000, epoch 2",
85,arc/there_and_back/just_gan,w_cycle_a=1.0__w_cycle_b=1.0,"03:41PM November 04, 2019",,Run with just Gan loss for each generator,/data/engs-a2i/kebl4674/experiments/there_and_back/just_gan,0x848f69fd4f1c,arcus-htc-login02.arcus-htc.arc.local,kebl4674,/home/kebl4674,running,20c577fff0aa8b6ca031a9164625901efd3e3a0b,"01:06PM 05/11/19, epoch 2, step 141600","step 140000, epoch 2",
86,arc/there_and_back/rad2real,w_align_a=1.0__w_align_b=1.0__use_gan=True__full_align=True,"04:43PM November 05, 2019",ThereAndBackCycleGan,Benchmarks for real simulation,/data/engs-a2i/kebl4674/experiments/there_and_back/rad2real,0x848f69fd4f1c,arcus-htc-login02.arcus-htc.arc.local,kebl4674,/home/kebl4674,running,383783f094321cf8288a223b82384d74632b489d,"04:43PM 06/11/19, epoch 1, step 293900","step 280000, epoch 1",
87,arc/there_and_back/rad2real,w_align_a=1.0__w_align_b=1.0__use_gan=True__full_align=False,"04:43PM November 05, 2019",ThereAndBackCycleGan,Benchmarks for real simulation,/data/engs-a2i/kebl4674/experiments/there_and_back/rad2real,0x848f69fd4f1c,arcus-htc-login02.arcus-htc.arc.local,kebl4674,/home/kebl4674,running,383783f094321cf8288a223b82384d74632b489d,"04:43PM 06/11/19, epoch 1, step 295500","step 280000, epoch 1",
88,arc/there_and_back/rad2real,w_align_a=1.0__w_align_b=1.0__use_gan=False__full_align=True,"04:43PM November 05, 2019",ThereAndBackCycleGan,Benchmarks for real simulation,/data/engs-a2i/kebl4674/experiments/there_and_back/rad2real,0x848f69fd4f1c,arcus-htc-login02.arcus-htc.arc.local,kebl4674,/home/kebl4674,running,383783f094321cf8288a223b82384d74632b489d,"04:43PM 06/11/19, epoch 1, step 314900","step 300000, epoch 1",
89,arc/there_and_back/rad2real,w_align_a=1.0__w_align_b=1.0__use_gan=False__full_align=False,"04:43PM November 05, 2019",ThereAndBackCycleGan,Benchmarks for real simulation,/data/engs-a2i/kebl4674/experiments/there_and_back/rad2real,0x848f69fd4f1c,arcus-htc-login02.arcus-htc.arc.local,kebl4674,/home/kebl4674,running,383783f094321cf8288a223b82384d74632b489d,"04:43PM 06/11/19, epoch 1, step 307900","step 300000, epoch 1",
90,arc/there_and_back/rad2real,w_align_a=0.1__w_align_b=0.1__use_gan=True__full_align=True,"04:43PM November 05, 2019",ThereAndBackCycleGan,Benchmarks for real simulation,/data/engs-a2i/kebl4674/experiments/there_and_back/rad2real,0x848f69fd4f1c,arcus-htc-login02.arcus-htc.arc.local,kebl4674,/home/kebl4674,running,383783f094321cf8288a223b82384d74632b489d,"04:43PM 06/11/19, epoch 1, step 292600","step 280000, epoch 1",
91,arc/there_and_back/rad2real,w_align_a=0.01__w_align_b=0.01__use_gan=True__full_align=True,"04:43PM November 05, 2019",ThereAndBackCycleGan,Benchmarks for real simulation,/data/engs-a2i/kebl4674/experiments/there_and_back/rad2real,0x848f69fd4f1c,arcus-htc-login02.arcus-htc.arc.local,kebl4674,/home/kebl4674,running,383783f094321cf8288a223b82384d74632b489d,"04:43PM 06/11/19, epoch 1, step 296100","step 280000, epoch 1",
92,arc/there_and_back/rad2real,w_align_a=10.0__w_align_b=10.0__use_gan=True__full_align=True,"04:43PM November 05, 2019",ThereAndBackCycleGan,Benchmarks for real simulation,/data/engs-a2i/kebl4674/experiments/there_and_back/rad2real,0x848f69fd4f1c,arcus-htc-login02.arcus-htc.arc.local,kebl4674,/home/kebl4674,running,383783f094321cf8288a223b82384d74632b489d,"04:43PM 06/11/19, epoch 1, step 291400","step 280000, epoch 1",
93,arc/there_and_back/rad2real,w_align_a=10.0__w_align_b=10.0__w_cycle_a=10.0__w_cycle_b=10__use_gan=True__full_align=False,"04:43PM November 05, 2019",ThereAndBackCycleGan,Benchmarks for real simulation,/data/engs-a2i/kebl4674/experiments/there_and_back/rad2real,0x848f69fd4f1c,arcus-htc-login02.arcus-htc.arc.local,kebl4674,/home/kebl4674,running,383783f094321cf8288a223b82384d74632b489d,"04:43PM 06/11/19, epoch 0, step 158900",step 140000,
94,arc/there_and_back/unaligned,w_g_cycle=0.001,"01:17PM November 03, 2019",,To validate performance on unaligned data with different architectures,/data/engs-a2i/kebl4674/experiments/there_and_back/unaligned,0x848f69fd4f1c,arcus-htc-login02.arcus-htc.arc.local,kebl4674,/home/kebl4674,running,e52e2a7013a3cff105708ac3df95152a6b6e9161,"12:51PM 04/11/19, epoch 3, step 183400","step 180000, epoch 3",
95,arc/there_and_back/unaligned,w_g_cycle=0.01,"01:17PM November 03, 2019",,To validate performance on unaligned data with different architectures,/data/engs-a2i/kebl4674/experiments/there_and_back/unaligned,0x848f69fd4f1c,arcus-htc-login02.arcus-htc.arc.local,kebl4674,/home/kebl4674,running,e52e2a7013a3cff105708ac3df95152a6b6e9161,"12:50PM 04/11/19, epoch 1, step 53000",step 40000,
96,arc/there_and_back/unaligned,w_g_cycle=1.0,"01:17PM November 03, 2019",,To validate performance on unaligned data with different architectures,/data/engs-a2i/kebl4674/experiments/there_and_back/unaligned,0x848f69fd4f1c,arcus-htc-login02.arcus-htc.arc.local,kebl4674,/home/kebl4674,error,af13648b4e81ba80b8f10181881cb0ee9ffdc71a,"02:25AM 04/11/19, epoch 2, step 99900","step 100000, epoch 2",
97,arc/there_and_back/unaligned,w_g_cycle=10.0,"01:17PM November 03, 2019",,To validate performance on unaligned data with different architectures,/data/engs-a2i/kebl4674/experiments/there_and_back/unaligned,0x848f69fd4f1c,arcus-htc-login02.arcus-htc.arc.local,kebl4674,/home/kebl4674,error,af13648b4e81ba80b8f10181881cb0ee9ffdc71a,"02:24AM 04/11/19, epoch 2, step 99900","step 100000, epoch 2",
98,arc/there_and_back/unaligned,w_g_cycle=100.0,"01:17PM November 03, 2019",,To validate performance on unaligned data with different architectures,/data/engs-a2i/kebl4674/experiments/there_and_back/unaligned,0x848f69fd4f1c,arcus-htc-login02.arcus-htc.arc.local,kebl4674,/home/kebl4674,running,e52e2a7013a3cff105708ac3df95152a6b6e9161,"12:50PM 04/11/19, epoch 1, step 67900","step 60000, epoch 1",
99,arc/there_and_back/with_alignemnt_loss,mode=rad2sim_aligned__w_g_aligned=0.1,"09:37PM November 01, 2019",,First runs with alignment loss,/data/engs-a2i/kebl4674/experiments/there_and_back/with_alignemnt_loss,0x848f69fd4f1c,arcus-htc-login02.arcus-htc.arc.local,kebl4674,/home/kebl4674,running,9b5175bfc8c22b33778fb48106a088277d7cc4dc,"09:36PM 02/11/19, epoch 3, step 187600","step 180000, epoch 3",
100,arc/there_and_back/with_alignemnt_loss,mode=rad2sim_aligned__w_g_aligned=1.0,"09:37PM November 01, 2019",,First runs with alignment loss,/data/engs-a2i/kebl4674/experiments/there_and_back/with_alignemnt_loss,0x848f69fd4f1c,arcus-htc-login02.arcus-htc.arc.local,kebl4674,/home/kebl4674,error,9b5175bfc8c22b33778fb48106a088277d7cc4dc,"03:23AM 02/11/19, epoch 0, step 44300",step 40000,
101,arc/there_and_back/with_alignemnt_loss,mode=rad2sim_aligned__w_g_aligned=10.0,"09:37PM November 01, 2019",,First runs with alignment loss,/data/engs-a2i/kebl4674/experiments/there_and_back/with_alignemnt_loss,0x848f69fd4f1c,arcus-htc-login02.arcus-htc.arc.local,kebl4674,/home/kebl4674,running,9b5175bfc8c22b33778fb48106a088277d7cc4dc,"09:36PM 02/11/19, epoch 3, step 185300","step 180000, epoch 3",
102,arc/there_and_back/with_alignemnt_loss,mode=rad2sim_aligned__w_g_aligned=100.0,"09:37PM November 01, 2019",,First runs with alignment loss,/data/engs-a2i/kebl4674/experiments/there_and_back/with_alignemnt_loss,0x848f69fd4f1c,arcus-htc-login02.arcus-htc.arc.local,kebl4674,/home/kebl4674,running,9b5175bfc8c22b33778fb48106a088277d7cc4dc,"09:36PM 02/11/19, epoch 3, step 184500","step 180000, epoch 3",
103,arc/there_and_back/with_identity,w_g_id=0.01,"08:58PM November 01, 2019",,With identity loss,/data/engs-a2i/kebl4674/experiments/there_and_back/with_identity,0x848f69fd4f1c,arcus-htc-login02.arcus-htc.arc.local,kebl4674,/home/kebl4674,running,9b5175bfc8c22b33778fb48106a088277d7cc4dc,"08:58PM 02/11/19, epoch 2, step 127400","step 120000, epoch 2",
104,arc/there_and_back/with_identity,w_g_id=0.1,"08:58PM November 01, 2019",,With identity loss,/data/engs-a2i/kebl4674/experiments/there_and_back/with_identity,0x848f69fd4f1c,arcus-htc-login02.arcus-htc.arc.local,kebl4674,/home/kebl4674,running,9b5175bfc8c22b33778fb48106a088277d7cc4dc,"08:58PM 02/11/19, epoch 2, step 126400","step 120000, epoch 2",
105,arc/there_and_back/with_identity,w_g_id=0.5,"08:58PM November 01, 2019",,With identity loss,/data/engs-a2i/kebl4674/experiments/there_and_back/with_identity,0x848f69fd4f1c,arcus-htc-login02.arcus-htc.arc.local,kebl4674,/home/kebl4674,error,9b5175bfc8c22b33778fb48106a088277d7cc4dc,"03:21AM 02/11/19, epoch 0, step 34100",step 20000,
106,arc/there_and_back/with_identity,w_g_id=1.0,"09:39PM November 01, 2019",,With identity loss,/data/engs-a2i/kebl4674/experiments/there_and_back/with_identity,0x848f69fd4f1c,arcus-htc-login02.arcus-htc.arc.local,kebl4674,/home/kebl4674,error,9b5175bfc8c22b33778fb48106a088277d7cc4dc,,,
107,arc/there_and_back/without_cycle,w_g_aligned=0.01,"01:50PM November 03, 2019",,All without cycle losses,/data/engs-a2i/kebl4674/experiments/there_and_back/without_cycle,0x848f69fd4f1c,arcus-htc-login02.arcus-htc.arc.local,kebl4674,/home/kebl4674,error,af13648b4e81ba80b8f10181881cb0ee9ffdc71a,"02:23AM 04/11/19, epoch 3, step 177300","step 160000, epoch 3",
108,arc/there_and_back/without_cycle,w_g_aligned=0.1,"01:50PM November 03, 2019",,All without cycle losses,/data/engs-a2i/kebl4674/experiments/there_and_back/without_cycle,0x848f69fd4f1c,arcus-htc-login02.arcus-htc.arc.local,kebl4674,/home/kebl4674,error,af13648b4e81ba80b8f10181881cb0ee9ffdc71a,"02:22AM 04/11/19, epoch 3, step 179300","step 160000, epoch 3",
109,arc/there_and_back/without_cycle,w_g_aligned=1.0,"01:50PM November 03, 2019",,All without cycle losses,/data/engs-a2i/kebl4674/experiments/there_and_back/without_cycle,0x848f69fd4f1c,arcus-htc-login02.arcus-htc.arc.local,kebl4674,/home/kebl4674,error,af13648b4e81ba80b8f10181881cb0ee9ffdc71a,"02:18AM 04/11/19, epoch 3, step 174700","step 160000, epoch 3",
110,arc/there_and_back/without_cycle,w_g_aligned=10.0,"01:50PM November 03, 2019",,All without cycle losses,/data/engs-a2i/kebl4674/experiments/there_and_back/without_cycle,0x848f69fd4f1c,arcus-htc-login02.arcus-htc.arc.local,kebl4674,/home/kebl4674,finished,af13648b4e81ba80b8f10181881cb0ee9ffdc71a,"07:11AM 04/11/19, epoch 4, step 247500","step 240000, epoch 4",
111,arc/there_and_back/without_cycle,w_g_aligned=100.0,"03:09PM November 03, 2019",,All without cycle losses,/data/engs-a2i/kebl4674/experiments/there_and_back/without_cycle,0x848f69fd4f1c,arcus-htc-login02.arcus-htc.arc.local,kebl4674,/home/kebl4674,error,af13648b4e81ba80b8f10181881cb0ee9ffdc71a,"01:44AM 04/11/19, epoch 3, step 149400","step 140000, epoch 2",
112,arc/there_and_back/without_cycle,use_gan=False,"01:46AM November 04, 2019",,All without cycle losses,/data/engs-a2i/kebl4674/experiments/there_and_back/without_cycle,0x848f69fd4f1c,arcus-htc-login02.arcus-htc.arc.local,kebl4674,/home/kebl4674,error,af13648b4e81ba80b8f10181881cb0ee9ffdc71a,"01:47AM 04/11/19, epoch 0, step 100",,
113,arc/there_and_back_2/12-11-2019/initial_test,impl=there_and_back,"05:07PM November 12, 2019",ThereAndBackCycleGan,Initial runs after debug fix,/data/engs-a2i/kebl4674/experiments/there_and_back_2/12-11-2019/initial_test,0x848f69fd4f1c,arcus-htc-login02.arcus-htc.arc.local,kebl4674,/home/kebl4674,registered,a2fd44574d3bc268e9c42263f677e16ccaf298a2,,,
114,arc/there_and_back_2/12-11-2019/initial_test,impl=cycle_gan,"03:08PM November 13, 2019",ThereAndBackCycleGan,Initial runs after debug fix,/data/engs-a2i/kebl4674/experiments/there_and_back_2/12-11-2019/initial_test,0x848f69fd4f1c,arcus-htc-login02.arcus-htc.arc.local,kebl4674,/home/kebl4674,running,ec3b2be6a9e3b2a2f29d8e5a2da5289dfd801be7,"07:01PM 13/11/19, epoch 0, step 24900",step 25000,
115,arc/there_and_back_2/12-11-2019/initial_test,w_cycle_a=100.0__w_cycle_b=100.0,"05:09PM November 12, 2019",ThereAndBackCycleGan,Initial runs after debug fix,/data/engs-a2i/kebl4674/experiments/there_and_back_2/12-11-2019/initial_test,0x848f69fd4f1c,arcus-htc-login02.arcus-htc.arc.local,kebl4674,/home/kebl4674,running,a2fd44574d3bc268e9c42263f677e16ccaf298a2,"03:06PM 13/11/19, epoch 2, step 147400","step 145000, epoch 2",
116,arc/there_and_back_2/12-11-2019/initial_test,w_cycle_a=10.0__w_cycle_b=10.0__w_align_a=100.0,"05:19PM November 12, 2019",ThereAndBackCycleGan,Initial runs after debug fix,/data/engs-a2i/kebl4674/experiments/there_and_back_2/12-11-2019/initial_test,0x848f69fd4f1c,arcus-htc-login02.arcus-htc.arc.local,kebl4674,/home/kebl4674,running,a2fd44574d3bc268e9c42263f677e16ccaf298a2,"03:06PM 13/11/19, epoch 2, step 122200","step 120000, epoch 2",
117,arc/there_and_back_2/12-11-2019/initial_test,use_gan=False,"03:18PM November 13, 2019",ThereAndBackCycleGan,Initial runs after debug fix,/data/engs-a2i/kebl4674/experiments/there_and_back_2/12-11-2019/initial_test,0x848f69fd4f1c,arcus-htc-login02.arcus-htc.arc.local,kebl4674,/home/kebl4674,running,ec3b2be6a9e3b2a2f29d8e5a2da5289dfd801be7,"07:02PM 13/11/19, epoch 0, step 27400",step 25000,
118,arc/there_and_back_2/12-11-2019/initial_test,w_cycle_a=10.0__w_cycle_b=10.0__w_align_a=100.0__w_align_b=100.0,"05:09PM November 12, 2019",ThereAndBackCycleGan,Initial runs after debug fix,/data/engs-a2i/kebl4674/experiments/there_and_back_2/12-11-2019/initial_test,0x848f69fd4f1c,arcus-htc-login02.arcus-htc.arc.local,kebl4674,/home/kebl4674,running,a2fd44574d3bc268e9c42263f677e16ccaf298a2,"05:09PM 13/11/19, epoch 2, step 116200","step 115000, epoch 2",
119,arc/there_and_back_2/12-11-2019/initial_test,w_cycle_a=10.0__w_cycle_b=10.0__w_align_a=10.0__w_align_b=10.0,"03:08PM November 13, 2019",ThereAndBackCycleGan,Initial runs after debug fix,/data/engs-a2i/kebl4674/experiments/there_and_back_2/12-11-2019/initial_test,0x848f69fd4f1c,arcus-htc-login02.arcus-htc.arc.local,kebl4674,/home/kebl4674,running,ec3b2be6a9e3b2a2f29d8e5a2da5289dfd801be7,"07:02PM 13/11/19, epoch 0, step 18600",step 15000,
120,arc/there_and_back_2/12-11-2019/initial_test,w_cycle_a=10.0__w_cycle_b=10.0__w_align_a=1.0__w_align_b=1.0,"03:18PM November 13, 2019",ThereAndBackCycleGan,Initial runs after debug fix,/data/engs-a2i/kebl4674/experiments/there_and_back_2/12-11-2019/initial_test,0x848f69fd4f1c,arcus-htc-login02.arcus-htc.arc.local,kebl4674,/home/kebl4674,running,ec3b2be6a9e3b2a2f29d8e5a2da5289dfd801be7,"07:01PM 13/11/19, epoch 0, step 16500",step 15000,
121,arc/there_and_back_2/13-11-2019/initial_test,impl=there_and_back,"10:47AM November 14, 2019",ThereAndBackCycleGan,To test newtork architectures after debug,/data/engs-a2i/kebl4674/experiments/there_and_back_2/13-11-2019/initial_test,0x848f69fd4f1c,arcus-htc-login02.arcus-htc.arc.local,kebl4674,/home/kebl4674,finished,b906d7b2496db6b68250ba07f0201924b0d03ffd,"10:30AM 15/11/19, epoch 2, step 148500","step 145000, epoch 2",
122,arc/there_and_back_2/13-11-2019/initial_test,impl=cycle_gan,"12:10PM November 14, 2019",ThereAndBackCycleGan,To test newtork architectures after debug,/data/engs-a2i/kebl4674/experiments/there_and_back_2/13-11-2019/initial_test,0x848f69fd4f1c,arcus-htc-login02.arcus-htc.arc.local,kebl4674,/home/kebl4674,finished,b906d7b2496db6b68250ba07f0201924b0d03ffd,"11:33AM 15/11/19, epoch 2, step 148500","step 145000, epoch 2",
123,arc/there_and_back_2/13-11-2019/initial_test,w_align_b=1.0,"07:09PM November 13, 2019",ThereAndBackCycleGan,To test newtork architectures after debug,/data/engs-a2i/kebl4674/experiments/there_and_back_2/13-11-2019/initial_test,0x848f69fd4f1c,arcus-htc-login02.arcus-htc.arc.local,kebl4674,/home/kebl4674,registered,b906d7b2496db6b68250ba07f0201924b0d03ffd,,,
124,arc/there_and_back_2/13-11-2019/initial_test,w_align_b=10.0,"07:09PM November 13, 2019",ThereAndBackCycleGan,To test newtork architectures after debug,/data/engs-a2i/kebl4674/experiments/there_and_back_2/13-11-2019/initial_test,0x848f69fd4f1c,arcus-htc-login02.arcus-htc.arc.local,kebl4674,/home/kebl4674,registered,b906d7b2496db6b68250ba07f0201924b0d03ffd,,,
125,arc/there_and_back_2/13-11-2019/initial_test,w_align_b=100.0,"07:09PM November 13, 2019",ThereAndBackCycleGan,To test newtork architectures after debug,/data/engs-a2i/kebl4674/experiments/there_and_back_2/13-11-2019/initial_test,0x848f69fd4f1c,arcus-htc-login02.arcus-htc.arc.local,kebl4674,/home/kebl4674,registered,b906d7b2496db6b68250ba07f0201924b0d03ffd,,,
126,arc/there_and_back_2/7-02-2019/experiment-test,w_cycle_a=2.0__w_cycle_b=2.0,"05:16PM February 12, 2020",,An initial test of the experiment manager,/data/engs-a2i/kebl4674/experiments/there_and_back_2/7-02-2019/experiment-test,0x848f69fd4f1c,arcus-htc-login02.arcus-htc.arc.local,kebl4674,/home/kebl4674,registered,b2abee15800a6afd7de17bb8cac380c3a8b06765,,,
127,arc/there_and_back_2/7-02-2019/experiment-test,w_cycle_a=2.0__w_cycle_b=3.0,"05:16PM February 12, 2020",,An initial test of the experiment manager,/data/engs-a2i/kebl4674/experiments/there_and_back_2/7-02-2019/experiment-test,0x848f69fd4f1c,arcus-htc-login02.arcus-htc.arc.local,kebl4674,/home/kebl4674,registered,b2abee15800a6afd7de17bb8cac380c3a8b06765,,,
128,arc/there_and_back_2/7-02-2019/experiment-test,w_cycle_a=2.0__w_cycle_b=4.0,"05:16PM February 12, 2020",,An initial test of the experiment manager,/data/engs-a2i/kebl4674/experiments/there_and_back_2/7-02-2019/experiment-test,0x848f69fd4f1c,arcus-htc-login02.arcus-htc.arc.local,kebl4674,/home/kebl4674,registered,b2abee15800a6afd7de17bb8cac380c3a8b06765,,,
129,arc/there_and_back_2/7-02-2019/experiment-test,w_cycle_a=3.0__w_cycle_b=2.0,"05:16PM February 12, 2020",,An initial test of the experiment manager,/data/engs-a2i/kebl4674/experiments/there_and_back_2/7-02-2019/experiment-test,0x848f69fd4f1c,arcus-htc-login02.arcus-htc.arc.local,kebl4674,/home/kebl4674,registered,b2abee15800a6afd7de17bb8cac380c3a8b06765,,,
130,arc/there_and_back_2/7-02-2019/experiment-test,w_cycle_a=3.0__w_cycle_b=3.0,"05:16PM February 12, 2020",,An initial test of the experiment manager,/data/engs-a2i/kebl4674/experiments/there_and_back_2/7-02-2019/experiment-test,0x848f69fd4f1c,arcus-htc-login02.arcus-htc.arc.local,kebl4674,/home/kebl4674,registered,b2abee15800a6afd7de17bb8cac380c3a8b06765,,,
131,arc/there_and_back_2/7-02-2019/experiment-test,w_cycle_a=3.0__w_cycle_b=4.0,"05:16PM February 12, 2020",,An initial test of the experiment manager,/data/engs-a2i/kebl4674/experiments/there_and_back_2/7-02-2019/experiment-test,0x848f69fd4f1c,arcus-htc-login02.arcus-htc.arc.local,kebl4674,/home/kebl4674,registered,b2abee15800a6afd7de17bb8cac380c3a8b06765,,,
132,arc/there_and_back_2/7-02-2019/experiment-test,w_cycle_a=4.0__w_cycle_b=2.0,"05:16PM February 12, 2020",,An initial test of the experiment manager,/data/engs-a2i/kebl4674/experiments/there_and_back_2/7-02-2019/experiment-test,0x848f69fd4f1c,arcus-htc-login02.arcus-htc.arc.local,kebl4674,/home/kebl4674,registered,b2abee15800a6afd7de17bb8cac380c3a8b06765,,,
133,arc/there_and_back_2/7-02-2019/experiment-test,w_cycle_a=4.0__w_cycle_b=3.0,"05:16PM February 12, 2020",,An initial test of the experiment manager,/data/engs-a2i/kebl4674/experiments/there_and_back_2/7-02-2019/experiment-test,0x848f69fd4f1c,arcus-htc-login02.arcus-htc.arc.local,kebl4674,/home/kebl4674,registered,b2abee15800a6afd7de17bb8cac380c3a8b06765,,,
134,arc/there_and_back_2/7-02-2019/experiment-test,w_cycle_a=4.0__w_cycle_b=4.0,"05:16PM February 12, 2020",,An initial test of the experiment manager,/data/engs-a2i/kebl4674/experiments/there_and_back_2/7-02-2019/experiment-test,0x848f69fd4f1c,arcus-htc-login02.arcus-htc.arc.local,kebl4674,/home/kebl4674,registered,b2abee15800a6afd7de17bb8cac380c3a8b06765,,,
135,arc/there_and_back_2/7-02-2019/rad2real,use_gan=True__w_align_a=1.0__w_align_b=1.0,"11:25PM February 07, 2020",ThereAndBack,Initial test of rad2real models,/data/engs-a2i/kebl4674/experiments/there_and_back_2/7-02-2019/rad2real,0x848f69fd4f1c,arcus-htc-login02.arcus-htc.arc.local,kebl4674,/home/kebl4674,error,b2abee15800a6afd7de17bb8cac380c3a8b06765,,,
136,arc/there_and_back_2/7-02-2019/rad2real,use_gan=True__w_align_a=10.0__w_align_b=10.0,"11:26PM February 07, 2020",ThereAndBack,Initial test of rad2real models,/data/engs-a2i/kebl4674/experiments/there_and_back_2/7-02-2019/rad2real,0x848f69fd4f1c,arcus-htc-login02.arcus-htc.arc.local,kebl4674,/home/kebl4674,error,b2abee15800a6afd7de17bb8cac380c3a8b06765,,,
137,arc/there_and_back_2/7-02-2019/rad2real,use_gan=True__w_align_a=100.0__w_align_b=100.0,"11:27PM February 07, 2020",ThereAndBack,Initial test of rad2real models,/data/engs-a2i/kebl4674/experiments/there_and_back_2/7-02-2019/rad2real,0x848f69fd4f1c,arcus-htc-login02.arcus-htc.arc.local,kebl4674,/home/kebl4674,error,b2abee15800a6afd7de17bb8cac380c3a8b06765,,,
138,arc/there_and_back_2/7-02-2019/rad2real,use_gan=False,"11:28PM February 07, 2020",ThereAndBack,Initial test of rad2real models,/data/engs-a2i/kebl4674/experiments/there_and_back_2/7-02-2019/rad2real,0x848f69fd4f1c,arcus-htc-login02.arcus-htc.arc.local,kebl4674,/home/kebl4674,error,b2abee15800a6afd7de17bb8cac380c3a8b06765,,,
139,arc/there_and_back_2/7-02-2019/rad2sim,w_align_a=None__w_align_b=None,"11:31PM February 07, 2020",ThereAndBack,Initial test of radar to simulation experiments,/data/engs-a2i/kebl4674/experiments/there_and_back_2/7-02-2019/rad2sim,0x848f69fd4f1c,arcus-htc-login02.arcus-htc.arc.local,kebl4674,/home/kebl4674,error,b2abee15800a6afd7de17bb8cac380c3a8b06765,,,
140,arc/there_and_back_2/7-02-2019/rad2sim,w_cycle_a=10.0__w_cycle_b=10.0,"11:29PM February 07, 2020",ThereAndBack,Initial test of radar to simulation experiments,/data/engs-a2i/kebl4674/experiments/there_and_back_2/7-02-2019/rad2sim,0x848f69fd4f1c,arcus-htc-login02.arcus-htc.arc.local,kebl4674,/home/kebl4674,error,b2abee15800a6afd7de17bb8cac380c3a8b06765,,,
141,arc/there_and_back_2/7-02-2019/rad2sim,w_align_b=10.0,"11:30PM February 07, 2020",ThereAndBack,Initial test of radar to simulation experiments,/data/engs-a2i/kebl4674/experiments/there_and_back_2/7-02-2019/rad2sim,0x848f69fd4f1c,arcus-htc-login02.arcus-htc.arc.local,kebl4674,/home/kebl4674,error,b2abee15800a6afd7de17bb8cac380c3a8b06765,,,
142,arc/there_and_back_2/7-02-2019/rad2sim,w_align_b=10.0__w_cycle_a=10.0__w_cycle_b=10.0,"11:32PM February 07, 2020",ThereAndBack,Initial test of radar to simulation experiments,/data/engs-a2i/kebl4674/experiments/there_and_back_2/7-02-2019/rad2sim,0x848f69fd4f1c,arcus-htc-login02.arcus-htc.arc.local,kebl4674,/home/kebl4674,error,b2abee15800a6afd7de17bb8cac380c3a8b06765,,,
143,jade/there_and_back/10-02-2019/rad2sim2rad/rad2sim,use_gan=False__w_cycle_a=None__w_cycle_b=None,"10:24AM February 10, 2020",ThereAndBack,Simulation and height inference with just real data,/jmain01/home/JAD020/ihp01/rrw46-ihp01/data/experiments/there_and_back/10-02-2019/rad2sim2rad/rad2sim,0xcc47adb3c16,dgj419.jade,rrw46-ihp01,/jmain01/home/JAD020/ihp01/rrw46-ihp01,running,0703c9c6a25f027bc44c745943f335573e76af05,,,
144,jade/there_and_back/10-02-2019/rad2sim2rad/rad2sim,use_gan=True__w_cycle_a=None__w_cycle_b=None,"10:24AM February 10, 2020",ThereAndBack,Simulation and height inference with just real data,/jmain01/home/JAD020/ihp01/rrw46-ihp01/data/experiments/there_and_back/10-02-2019/rad2sim2rad/rad2sim,0xcc47adb3c16,dgj419.jade,rrw46-ihp01,/jmain01/home/JAD020/ihp01/rrw46-ihp01,running,0703c9c6a25f027bc44c745943f335573e76af05,,,
145,jade/there_and_back/10-02-2019/rad2sim2rad/rad2sim,use_gan=True__w_cycle_a=1.0__w_cycle_b=1.0,"10:24AM February 10, 2020",ThereAndBack,Simulation and height inference with just real data,/jmain01/home/JAD020/ihp01/rrw46-ihp01/data/experiments/there_and_back/10-02-2019/rad2sim2rad/rad2sim,0xcc47adb3c16,dgj419.jade,rrw46-ihp01,/jmain01/home/JAD020/ihp01/rrw46-ihp01,running,0703c9c6a25f027bc44c745943f335573e76af05,,,
146,jade/there_and_back/10-02-2019/rad2sim2rad/rad2sim,use_gan=True__w_cycle_a=1.0__w_cycle_b=1.0_1,"10:24AM February 10, 2020",ThereAndBack,Simulation and height inference with just real data,/jmain01/home/JAD020/ihp01/rrw46-ihp01/data/experiments/there_and_back/10-02-2019/rad2sim2rad/rad2sim,0xcc47adb3c16,dgj419.jade,rrw46-ihp01,/jmain01/home/JAD020/ihp01/rrw46-ihp01,running,0703c9c6a25f027bc44c745943f335573e76af05,,,
147,jade/there_and_back/10-02-2019/rad2sim2rad/rad2sim,use_gan=True__w_cycle_a=1.0__w_cycle_b=1.0_2,"10:24AM February 10, 2020",ThereAndBack,Simulation and height inference with just real data,/jmain01/home/JAD020/ihp01/rrw46-ihp01/data/experiments/there_and_back/10-02-2019/rad2sim2rad/rad2sim,0xcc47adb3c16,dgj419.jade,rrw46-ihp01,/jmain01/home/JAD020/ihp01/rrw46-ihp01,running,0703c9c6a25f027bc44c745943f335573e76af05,,,
148,jade/there_and_back/10-02-2019/rad2sim2rad/rad2sim,use_gan=True__w_cycle_a=1.0__w_cycle_b=1.0_3,"10:24AM February 10, 2020",ThereAndBack,Simulation and height inference with just real data,/jmain01/home/JAD020/ihp01/rrw46-ihp01/data/experiments/there_and_back/10-02-2019/rad2sim2rad/rad2sim,0xcc47adb3c16,dgj419.jade,rrw46-ihp01,/jmain01/home/JAD020/ihp01/rrw46-ihp01,running,0703c9c6a25f027bc44c745943f335573e76af05,,,
149,jade/there_and_back/10-02-2019/rad2sim2rad/rad2sim,use_gan=True__w_cycle_a=None__w_cycle_b=None_1,"10:22AM February 10, 2020",ThereAndBack,Simulation and height inference with just real data,/jmain01/home/JAD020/ihp01/rrw46-ihp01/data/experiments/there_and_back/10-02-2019/rad2sim2rad/rad2sim,0xcc47adb3c16,dgj419.jade,rrw46-ihp01,/jmain01/home/JAD020/ihp01/rrw46-ihp01,running,0703c9c6a25f027bc44c745943f335573e76af05,,,
150,jade/there_and_back/10-02-2019/rad2sim2rad/rad2sim,use_gan=True__w_cycle_a=None__w_cycle_b=None_2,"10:24AM February 10, 2020",ThereAndBack,Simulation and height inference with just real data,/jmain01/home/JAD020/ihp01/rrw46-ihp01/data/experiments/there_and_back/10-02-2019/rad2sim2rad/rad2sim,0xcc47adb3c16,dgj419.jade,rrw46-ihp01,/jmain01/home/JAD020/ihp01/rrw46-ihp01,running,0703c9c6a25f027bc44c745943f335573e76af05,,,
151,jade/there_and_back/10-02-2019/rad2sim2rad/rad2sim,use_gan=True__w_cycle_a=None__w_cycle_b=None_3,"01:53PM February 12, 2020",ThereAndBack,Simulation and height inference with just real data,/jmain01/home/JAD020/ihp01/rrw46-ihp01/data/experiments/there_and_back/10-02-2019/rad2sim2rad/rad2sim,0xcc47adb3c16,dgj419.jade,rrw46-ihp01,/jmain01/home/JAD020/ihp01/rrw46-ihp01,running,0703c9c6a25f027bc44c745943f335573e76af05,,,
152,jade/there_and_back/with_alignment_loss,w_align_b=0.1,"01:17PM November 14, 2019",ThereAndBackCycleGan,Add in alignment loss,/jmain01/home/JAD020/ihp01/rrw46-ihp01/data/experiments/there_and_back/with_alignment_loss,0xcc47adb3c16,dgj419.jade,rrw46-ihp01,/jmain01/home/JAD020/ihp01/rrw46-ihp01,running,a13dcdf9bbb824530d32a2999b4ec7acf9e762e1,"12:00PM 15/11/19, epoch 2, step 137600","step 135000, epoch 2",
153,jade/there_and_back/with_alignment_loss,w_align_b=1.0,"12:02PM November 15, 2019",ThereAndBackCycleGan,Add in alignment loss,/jmain01/home/JAD020/ihp01/rrw46-ihp01/data/experiments/there_and_back/with_alignment_loss,0xcc47adb3c16,dgj419.jade,rrw46-ihp01,/jmain01/home/JAD020/ihp01/rrw46-ihp01,finished,9a3f0bf60925ac76fcce1ec496d018d1744098ff,"12:59PM 16/11/19, epoch 2, step 148500","step 145000, epoch 2",
154,jade/there_and_back/with_alignment_loss,w_align_b=10.0,"12:01PM November 15, 2019",ThereAndBackCycleGan,Add in alignment loss,/jmain01/home/JAD020/ihp01/rrw46-ihp01/data/experiments/there_and_back/with_alignment_loss,0xcc47adb3c16,dgj419.jade,rrw46-ihp01,/jmain01/home/JAD020/ihp01/rrw46-ihp01,finished,9a3f0bf60925ac76fcce1ec496d018d1744098ff,"12:00PM 16/11/19, epoch 2, step 148500","step 145000, epoch 2",
155,jade/there_and_back/with_alignment_loss,w_align_b=100.0,"07:19PM November 14, 2019",ThereAndBackCycleGan,Add in alignment loss,/jmain01/home/JAD020/ihp01/rrw46-ihp01/data/experiments/there_and_back/with_alignment_loss,0xcc47adb3c16,dgj419.jade,rrw46-ihp01,/jmain01/home/JAD020/ihp01/rrw46-ihp01,running,a13dcdf9bbb824530d32a2999b4ec7acf9e762e1,"12:01PM 15/11/19, epoch 2, step 99300","step 95000, epoch 1",
156,jade/there_and_back/with_alignment_loss,w_align_b=0.1_1,"06:53PM November 14, 2019",ThereAndBackCycleGan,Add in alignment loss,/jmain01/home/JAD020/ihp01/rrw46-ihp01/data/experiments/there_and_back/with_alignment_loss,0xcc47adb3c16,dgj419.jade,rrw46-ihp01,/jmain01/home/JAD020/ihp01/rrw46-ihp01,running,a13dcdf9bbb824530d32a2999b4ec7acf9e762e1,"12:01PM 15/11/19, epoch 2, step 104500","step 100000, epoch 2",
157,jade/there_and_back/with_alignment_loss,w_align_b=1.0_1,"12:01PM November 15, 2019",ThereAndBackCycleGan,Add in alignment loss,/jmain01/home/JAD020/ihp01/rrw46-ihp01/data/experiments/there_and_back/with_alignment_loss,0xcc47adb3c16,dgj419.jade,rrw46-ihp01,/jmain01/home/JAD020/ihp01/rrw46-ihp01,finished,9a3f0bf60925ac76fcce1ec496d018d1744098ff,"12:44PM 16/11/19, epoch 2, step 148500","step 145000, epoch 2",
158,jade/there_and_back/with_alignment_loss,w_align_b=10.0_1,"04:04PM November 14, 2019",ThereAndBackCycleGan,Add in alignment loss,/jmain01/home/JAD020/ihp01/rrw46-ihp01/data/experiments/there_and_back/with_alignment_loss,0xcc47adb3c16,dgj419.jade,rrw46-ihp01,/jmain01/home/JAD020/ihp01/rrw46-ihp01,running,a13dcdf9bbb824530d32a2999b4ec7acf9e762e1,"12:01PM 15/11/19, epoch 2, step 121200","step 120000, epoch 2",
159,jade/there_and_back/with_alignment_loss,w_align_b=100.0_1,"02:47PM November 14, 2019",ThereAndBackCycleGan,Add in alignment loss,/jmain01/home/JAD020/ihp01/rrw46-ihp01/data/experiments/there_and_back/with_alignment_loss,0xcc47adb3c16,dgj419.jade,rrw46-ihp01,/jmain01/home/JAD020/ihp01/rrw46-ihp01,running,a13dcdf9bbb824530d32a2999b4ec7acf9e762e1,"12:01PM 15/11/19, epoch 2, step 131700","step 130000, epoch 2",
160,jade/there_and_back/with_alignment_loss,w_align_b=1.0__full_align=True,"06:44PM November 14, 2019",ThereAndBackCycleGan,Add in alignment loss,/jmain01/home/JAD020/ihp01/rrw46-ihp01/data/experiments/there_and_back/with_alignment_loss,0xcc47adb3c16,dgj419.jade,rrw46-ihp01,/jmain01/home/JAD020/ihp01/rrw46-ihp01,running,a13dcdf9bbb824530d32a2999b4ec7acf9e762e1,"12:01PM 15/11/19, epoch 2, step 107200","step 105000, epoch 2",
161,jade/there_and_back/with_alignment_loss,w_align_b=1.0__w_align_a=1.0,"12:02PM November 15, 2019",ThereAndBackCycleGan,Add in alignment loss,/jmain01/home/JAD020/ihp01/rrw46-ihp01/data/experiments/there_and_back/with_alignment_loss,0xcc47adb3c16,dgj419.jade,rrw46-ihp01,/jmain01/home/JAD020/ihp01/rrw46-ihp01,finished,9a3f0bf60925ac76fcce1ec496d018d1744098ff,"03:51PM 16/11/19, epoch 2, step 148500","step 145000, epoch 2",
162,jade/there_and_back/with_alignment_loss,w_align_b=10.0__w_align_a=10.0,"01:56PM November 14, 2019",ThereAndBackCycleGan,Add in alignment loss,/jmain01/home/JAD020/ihp01/rrw46-ihp01/data/experiments/there_and_back/with_alignment_loss,0xcc47adb3c16,dgj419.jade,rrw46-ihp01,/jmain01/home/JAD020/ihp01/rrw46-ihp01,running,a13dcdf9bbb824530d32a2999b4ec7acf9e762e1,"11:59AM 15/11/19, epoch 2, step 120500","step 120000, epoch 2",
163,jade/there_and_back/with_alignment_loss,w_align_b=0.1__w_align_a=0.1,"02:44PM November 14, 2019",ThereAndBackCycleGan,Add in alignment loss,/jmain01/home/JAD020/ihp01/rrw46-ihp01/data/experiments/there_and_back/with_alignment_loss,0xcc47adb3c16,dgj419.jade,rrw46-ihp01,/jmain01/home/JAD020/ihp01/rrw46-ihp01,running,a13dcdf9bbb824530d32a2999b4ec7acf9e762e1,"11:59AM 15/11/19, epoch 2, step 112800","step 110000, epoch 2",
164,touchstone/cycle_gan/there_generators,impl=cycle_gan__w_align_a=None__w_align_b=None,"02:09PM November 08, 2019",ThereAndBackCycleGan,Try generating with the default generators,/home/robw/data/experiments/cycle_gan/there_generators,0xac220bb0d28f,touchstone,robw,/home/robw,error,883c0db063af02c45ca00b92424dac238baf5a38,,,
165,touchstone/cycle_gan/there_generators,impl=cycle_gan__w_align_a=None__w_align_b=10.0,"12:16PM November 08, 2019",ThereAndBackCycleGan,Try generating with the default generators,/home/robw/data/experiments/cycle_gan/there_generators,0xac220bb0d28f,touchstone,robw,/home/robw,error,883c0db063af02c45ca00b92424dac238baf5a38,,,
166,touchstone/cycle_gan/vanilla,g_type:resnet_9blocks__d_type:basic,"06:37PM October 28, 2019",,,/home/robw/data/experiments/cycle_gan/vanilla,0xac220bb0d28f,touchstone,robw,/home/robw,finished,a0d6d9903747a6aee33487c297906746b9e19fd4,,"step 266000, epoch 199",
167,touchstone/cycle_gan/vanilla,g_type:resnet_9blocks__d_type:patch,"06:37PM October 28, 2019",,,/home/robw/data/experiments/cycle_gan/vanilla,0xac220bb0d28f,touchstone,robw,/home/robw,finished,a0d6d9903747a6aee33487c297906746b9e19fd4,,"step 266000, epoch 199",
168,touchstone/cycle_gan/vanilla,g_type:resunet__d_type:basic,"06:39PM October 28, 2019",,,/home/robw/data/experiments/cycle_gan/vanilla,0xac220bb0d28f,touchstone,robw,/home/robw,finished,a0d6d9903747a6aee33487c297906746b9e19fd4,,"step 266000, epoch 199",
169,touchstone/cycle_gan/vanilla,g_type:resunet__d_type:patch,"06:39PM October 28, 2019",,,/home/robw/data/experiments/cycle_gan/vanilla,0xac220bb0d28f,touchstone,robw,/home/robw,finished,a0d6d9903747a6aee33487c297906746b9e19fd4,,"step 266000, epoch 199",
170,touchstone/cycle_gan/wasserstein,w_gp=0.1,"04:03PM November 05, 2019",CycleGan,test with wasserstein gan loss instead,/home/robw/data/experiments/cycle_gan/wasserstein,0xac220bb0d28f,touchstone,robw,/home/robw,error,f79ece2ea30f1dad2d91947890b37908aba78696,"04:38PM 07/11/19, epoch 482, step 643700","step 640000, epoch 479",
171,touchstone/cycle_gan/wasserstein,w_gp=1.0,"04:03PM November 05, 2019",CycleGan,test with wasserstein gan loss instead,/home/robw/data/experiments/cycle_gan/wasserstein,0xac220bb0d28f,touchstone,robw,/home/robw,error,f79ece2ea30f1dad2d91947890b37908aba78696,"04:38PM 07/11/19, epoch 482, step 644100","step 640000, epoch 479",
172,touchstone/cycle_gan/wasserstein,w_gp=10.0,"04:03PM November 05, 2019",CycleGan,test with wasserstein gan loss instead,/home/robw/data/experiments/cycle_gan/wasserstein,0xac220bb0d28f,touchstone,robw,/home/robw,error,f79ece2ea30f1dad2d91947890b37908aba78696,"04:38PM 07/11/19, epoch 482, step 643300","step 640000, epoch 479",
173,touchstone/cycle_gan/wasserstein,w_gp=100.0,"04:02PM November 05, 2019",CycleGan,test with wasserstein gan loss instead,/home/robw/data/experiments/cycle_gan/wasserstein,0xac220bb0d28f,touchstone,robw,/home/robw,registered,bd627ed7a274e9d5a5b66d7586e57c07960178b6,,,
174,touchstone/cycle_gan/wasserstein_2,d_per_g=1,"04:43PM November 07, 2019",WassersteinCycleGan,Train the discrimantor to convergence per each new example,/home/robw/data/experiments/cycle_gan/wasserstein_2,0xac220bb0d28f,touchstone,robw,/home/robw,running,f79ece2ea30f1dad2d91947890b37908aba78696,"12:01PM 08/11/19, epoch 67, step 90600","step 90000, epoch 67",
175,touchstone/cycle_gan/wasserstein_2,d_per_g=2,"04:43PM November 07, 2019",WassersteinCycleGan,Train the discrimantor to convergence per each new example,/home/robw/data/experiments/cycle_gan/wasserstein_2,0xac220bb0d28f,touchstone,robw,/home/robw,error,f79ece2ea30f1dad2d91947890b37908aba78696,"04:49PM 07/11/19, epoch 0, step 500",,
176,touchstone/cycle_gan/wasserstein_2,d_per_g=5,"04:43PM November 07, 2019",WassersteinCycleGan,Train the discrimantor to convergence per each new example,/home/robw/data/experiments/cycle_gan/wasserstein_2,0xac220bb0d28f,touchstone,robw,/home/robw,finished,f79ece2ea30f1dad2d91947890b37908aba78696,"11:42AM 08/11/19, epoch 199, step 266800","step 265000, epoch 198",
177,touchstone/cycle_gan/wasserstein_2,d_per_g=10,"04:43PM November 07, 2019",WassersteinCycleGan,Train the discrimantor to convergence per each new example,/home/robw/data/experiments/cycle_gan/wasserstein_2,0xac220bb0d28f,touchstone,robw,/home/robw,finished,f79ece2ea30f1dad2d91947890b37908aba78696,"07:57AM 08/11/19, epoch 199, step 266800","step 265000, epoch 198",
178,touchstone/masking_by_moving/initial_test,res=0.4,"06:30PM January 24, 2020",MaskingByMoving,Initial test,/home/robw/data/experiments/masking_by_moving/initial_test,0xac220bb0d28f,touchstone,robw,/home/robw,error,c92aee1073e63867c3b8adfff9ef906d16a98b19,,,166000/4169600
179,touchstone/there_and_back/initial_test,impl=there_and_back,"12:33PM November 12, 2019",ThereAndBackCycleGan,Initial test to validate network implementations work,/home/robw/data/experiments/there_and_back/initial_test,0xac220bb0d28f,touchstone,robw,/home/robw,running,b2c161e89cc40afee8e3eaaf4bbd30c4226bde9b,,step 14000,
180,touchstone/there_and_back/initial_test,impl=cycle_gan,"12:33PM November 12, 2019",ThereAndBackCycleGan,Initial test to validate network implementations work,/home/robw/data/experiments/there_and_back/initial_test,0xac220bb0d28f,touchstone,robw,/home/robw,error,b2c161e89cc40afee8e3eaaf4bbd30c4226bde9b,,step 12000,
181,touchstone/there_and_back/initial_test_2,impl=there_and_back,"02:46PM November 12, 2019",ThereAndBackCycleGan,After bug fix on building discriminators,/home/robw/data/experiments/there_and_back/initial_test_2,0xac220bb0d28f,touchstone,robw,/home/robw,error,960c347dfae0ecb3f616908dcc763d6ca6077aec,,,
182,touchstone/there_and_back/initial_test_2,impl=cycle_gan,"02:45PM November 12, 2019",ThereAndBackCycleGan,After bug fix on building discriminators,/home/robw/data/experiments/there_and_back/initial_test_2,0xac220bb0d28f,touchstone,robw,/home/robw,error,960c347dfae0ecb3f616908dcc763d6ca6077aec,,,
183,touchstone/there_and_back/initial_test_3,impl=there_and_back,"03:01PM November 12, 2019",ThereAndBackCycleGan,After discriminator bug fix was found,/home/robw/data/experiments/there_and_back/initial_test_3,0xac220bb0d28f,touchstone,robw,/home/robw,error,3f09ce7ed8ff8411be8096a38f98e6c547f1e084,,"step 126000, epoch 2",
184,touchstone/there_and_back/initial_test_3,impl=cycle_gan,"03:01PM November 12, 2019",ThereAndBackCycleGan,After discriminator bug fix was found,/home/robw/data/experiments/there_and_back/initial_test_3,0xac220bb0d28f,touchstone,robw,/home/robw,error,3f09ce7ed8ff8411be8096a38f98e6c547f1e084,,"step 126000, epoch 2",
185,touchstone/there_and_back/initial_test_4,impl=there_and_back,"12:49PM November 13, 2019",ThereAndBackCycleGan,To test new debugs,/home/robw/data/experiments/there_and_back/initial_test_4,0xac220bb0d28f,touchstone,robw,/home/robw,error,ada2a4e6deb7d5804f8acd42cb59790162ab9ccd,,"step 275000, epoch 5",
186,touchstone/there_and_back/initial_test_4,impl=cycle_gan,"12:49PM November 13, 2019",ThereAndBackCycleGan,To test new debugs,/home/robw/data/experiments/there_and_back/initial_test_4,0xac220bb0d28f,touchstone,robw,/home/robw,error,ada2a4e6deb7d5804f8acd42cb59790162ab9ccd,,"step 275000, epoch 5",
187,touchstone/there_and_back/original_working,impl=cycle_gan,"07:29PM November 11, 2019",ThereAndBackCycleGan,To test that original models still work,/home/robw/data/experiments/there_and_back/original_working,0xac220bb0d28f,touchstone,robw,/home/robw,error,1768ec2065f5450d0cb640ecddfe7ef63d2f8dd3,,"step 93000, epoch 1",
188,touchstone/there_and_back/original_working,impl=there_and_back,"07:30PM November 11, 2019",ThereAndBackCycleGan,To test that original models still work,/home/robw/data/experiments/there_and_back/original_working,0xac220bb0d28f,touchstone,robw,/home/robw,error,1768ec2065f5450d0cb640ecddfe7ef63d2f8dd3,,"step 106000, epoch 2",


Roots relative to: /Users/robweston/data/experiments-remote
